{
    "counter": {
        "ACTIVE": 799,
        "INACTIVE": 580,
        "INVALID": 0,
        "MALICIOUS": 0,
        "SANE": 0,
        "VALID": 0,
        "total": 1379
    },
    "percentage": {
        "ACTIVE": 57.940536620739664,
        "INACTIVE": 42.120551924473496,
        "INVALID": 0,
        "MALICIOUS": 0,
        "SANE": 0,
        "VALID": 0,
        "total": 100.06108854521315
    }
}