{
    "counter": {
        "ACTIVE": 10180,
        "INACTIVE": 3368,
        "INVALID": 0,
        "MALICIOUS": 0,
        "SANE": 0,
        "VALID": 0,
        "total": 13548
    },
    "percentage": {
        "ACTIVE": 75.1402421021553,
        "INACTIVE": 24.861592972613863,
        "INVALID": 0,
        "MALICIOUS": 0,
        "SANE": 0,
        "VALID": 0,
        "total": 100.00183507476916
    }
}