{
    "counter": {
        "ACTIVE": 1501,
        "INACTIVE": 1205,
        "INVALID": 0,
        "MALICIOUS": 0,
        "SANE": 0,
        "VALID": 0,
        "total": 2706
    },
    "percentage": {
        "ACTIVE": 55.510355029585796,
        "INACTIVE": 44.53067257945307,
        "INVALID": 0,
        "MALICIOUS": 0,
        "SANE": 0,
        "VALID": 0,
        "total": 100.04102760903886
    }
}