{
    "counter": {
        "ACTIVE": 2325,
        "INACTIVE": 1585,
        "INVALID": 0,
        "MALICIOUS": 0,
        "SANE": 0,
        "VALID": 0,
        "total": 3910
    },
    "percentage": {
        "ACTIVE": 59.46291560102302,
        "INACTIVE": 40.55783009211873,
        "INVALID": 0,
        "MALICIOUS": 0,
        "SANE": 0,
        "VALID": 0,
        "total": 100.02074569314175
    }
}