{
    "counter": {
        "ACTIVE": 10347,
        "INACTIVE": 3392,
        "INVALID": 0,
        "MALICIOUS": 0,
        "SANE": 0,
        "VALID": 0,
        "total": 13739
    },
    "percentage": {
        "ACTIVE": 75.31115801732295,
        "INACTIVE": 24.70322627630908,
        "INVALID": 0,
        "MALICIOUS": 0,
        "SANE": 0,
        "VALID": 0,
        "total": 100.01438429363203
    }
}