{
    "counter": {
        "ACTIVE": 10715,
        "INACTIVE": 3431,
        "INVALID": 0,
        "MALICIOUS": 0,
        "SANE": 0,
        "VALID": 0,
        "total": 14146
    },
    "percentage": {
        "ACTIVE": 75.74579386398982,
        "INACTIVE": 24.274798358567992,
        "INVALID": 0,
        "MALICIOUS": 0,
        "SANE": 0,
        "VALID": 0,
        "total": 100.02059222255781
    }
}