{
    "counter": {
        "ACTIVE": 9713,
        "INACTIVE": 3290,
        "INVALID": 0,
        "MALICIOUS": 0,
        "SANE": 0,
        "VALID": 0,
        "total": 13003
    },
    "percentage": {
        "ACTIVE": 74.7211323947996,
        "INACTIVE": 25.301853418441898,
        "INVALID": 0,
        "MALICIOUS": 0,
        "SANE": 0,
        "VALID": 0,
        "total": 100.02298581324149
    }
}