{
    "counter": {
        "ACTIVE": 8182,
        "INACTIVE": 3110,
        "INVALID": 0,
        "MALICIOUS": 0,
        "SANE": 0,
        "VALID": 0,
        "total": 11292
    },
    "percentage": {
        "ACTIVE": 72.45837761246901,
        "INACTIVE": 27.553822982191903,
        "INVALID": 0,
        "MALICIOUS": 0,
        "SANE": 0,
        "VALID": 0,
        "total": 100.01220059466091
    }
}