{
    "counter": {
        "ACTIVE": 4267,
        "INACTIVE": 2708,
        "INVALID": 0,
        "MALICIOUS": 0,
        "SANE": 0,
        "VALID": 0,
        "total": 6975
    },
    "percentage": {
        "ACTIVE": 61.17562724014337,
        "INACTIVE": 38.91922966369646,
        "INVALID": 0,
        "MALICIOUS": 0,
        "SANE": 0,
        "VALID": 0,
        "total": 100.09485690383983
    }
}