{
    "counter": {
        "ACTIVE": 1693,
        "INACTIVE": 1448,
        "INVALID": 0,
        "MALICIOUS": 0,
        "SANE": 0,
        "VALID": 0,
        "total": 3141
    },
    "percentage": {
        "ACTIVE": 53.93437400446002,
        "INACTIVE": 46.099968163005414,
        "INVALID": 0,
        "MALICIOUS": 0,
        "SANE": 0,
        "VALID": 0,
        "total": 100.03434216746544
    }
}