{
    "counter": {
        "ACTIVE": 8357,
        "INACTIVE": 3134,
        "INVALID": 0,
        "MALICIOUS": 0,
        "SANE": 0,
        "VALID": 0,
        "total": 11491
    },
    "percentage": {
        "ACTIVE": 72.72648159429119,
        "INACTIVE": 27.306787488019516,
        "INVALID": 0,
        "MALICIOUS": 0,
        "SANE": 0,
        "VALID": 0,
        "total": 100.03326908231071
    }
}