{
    "counter": {
        "ACTIVE": 6316,
        "INACTIVE": 2874,
        "INVALID": 0,
        "MALICIOUS": 0,
        "SANE": 0,
        "VALID": 0,
        "total": 9190
    },
    "percentage": {
        "ACTIVE": 68.72687704026116,
        "INACTIVE": 31.310600283255255,
        "INVALID": 0,
        "MALICIOUS": 0,
        "SANE": 0,
        "VALID": 0,
        "total": 100.03747732351641
    }
}