{
    "counter": {
        "ACTIVE": 490,
        "INACTIVE": 522,
        "INVALID": 0,
        "MALICIOUS": 0,
        "SANE": 0,
        "VALID": 0,
        "total": 1012
    },
    "percentage": {
        "ACTIVE": 48.41897233201581,
        "INACTIVE": 51.68316831683168,
        "INVALID": 0,
        "MALICIOUS": 0,
        "SANE": 0,
        "VALID": 0,
        "total": 100.1021406488475
    }
}