{
    "counter": {
        "ACTIVE": 2437,
        "INACTIVE": 1609,
        "INVALID": 0,
        "MALICIOUS": 0,
        "SANE": 0,
        "VALID": 0,
        "total": 4046
    },
    "percentage": {
        "ACTIVE": 60.23232822540781,
        "INACTIVE": 39.87608426270136,
        "INVALID": 0,
        "MALICIOUS": 0,
        "SANE": 0,
        "VALID": 0,
        "total": 100.10841248810917
    }
}