{
    "counter": {
        "ACTIVE": 8705,
        "INACTIVE": 3170,
        "INVALID": 0,
        "MALICIOUS": 0,
        "SANE": 0,
        "VALID": 0,
        "total": 11875
    },
    "percentage": {
        "ACTIVE": 73.30526315789474,
        "INACTIVE": 26.75331251582412,
        "INVALID": 0,
        "MALICIOUS": 0,
        "SANE": 0,
        "VALID": 0,
        "total": 100.05857567371886
    }
}