{
    "counter": {
        "ACTIVE": 7033,
        "INACTIVE": 2963,
        "INVALID": 0,
        "MALICIOUS": 0,
        "SANE": 0,
        "VALID": 0,
        "total": 9996
    },
    "percentage": {
        "ACTIVE": 70.35814325730293,
        "INACTIVE": 29.76991861750226,
        "INVALID": 0,
        "MALICIOUS": 0,
        "SANE": 0,
        "VALID": 0,
        "total": 100.12806187480518
    }
}