{
    "counter": {
        "ACTIVE": 10534,
        "INACTIVE": 3408,
        "INVALID": 0,
        "MALICIOUS": 0,
        "SANE": 0,
        "VALID": 0,
        "total": 13942
    },
    "percentage": {
        "ACTIVE": 75.55587433653709,
        "INACTIVE": 24.449386613099936,
        "INVALID": 0,
        "MALICIOUS": 0,
        "SANE": 0,
        "VALID": 0,
        "total": 100.00526094963702
    }
}