{
    "counter": {
        "ACTIVE": 3242,
        "INACTIVE": 2239,
        "INVALID": 0,
        "MALICIOUS": 0,
        "SANE": 0,
        "VALID": 0,
        "total": 5481
    },
    "percentage": {
        "ACTIVE": 59.149790184272945,
        "INACTIVE": 40.954819828059264,
        "INVALID": 0,
        "MALICIOUS": 0,
        "SANE": 0,
        "VALID": 0,
        "total": 100.10461001233222
    }
}