{
    "counter": {
        "ACTIVE": 206,
        "INACTIVE": 456,
        "INVALID": 0,
        "MALICIOUS": 0,
        "SANE": 0,
        "VALID": 0,
        "total": 662
    },
    "percentage": {
        "ACTIVE": 31.117824773413897,
        "INACTIVE": 69.19575113808801,
        "INVALID": 0,
        "MALICIOUS": 0,
        "SANE": 0,
        "VALID": 0,
        "total": 100.31357591150191
    }
}