{
    "counter": {
        "ACTIVE": 2198,
        "INACTIVE": 1561,
        "INVALID": 0,
        "MALICIOUS": 0,
        "SANE": 0,
        "VALID": 0,
        "total": 3759
    },
    "percentage": {
        "ACTIVE": 58.472998137802605,
        "INACTIVE": 41.53805215540181,
        "INVALID": 0,
        "MALICIOUS": 0,
        "SANE": 0,
        "VALID": 0,
        "total": 100.01105029320442
    }
}