{
    "counter": {
        "ACTIVE": 617,
        "INACTIVE": 559,
        "INVALID": 0,
        "MALICIOUS": 0,
        "SANE": 0,
        "VALID": 0,
        "total": 1176
    },
    "percentage": {
        "ACTIVE": 52.465986394557824,
        "INACTIVE": 47.61499148211244,
        "INVALID": 0,
        "MALICIOUS": 0,
        "SANE": 0,
        "VALID": 0,
        "total": 100.08097787667026
    }
}