{
    "counter": {
        "ACTIVE": 3483,
        "INACTIVE": 2280,
        "INVALID": 0,
        "MALICIOUS": 0,
        "SANE": 0,
        "VALID": 0,
        "total": 5763
    },
    "percentage": {
        "ACTIVE": 60.437272254034355,
        "INACTIVE": 39.5764624197188,
        "INVALID": 0,
        "MALICIOUS": 0,
        "SANE": 0,
        "VALID": 0,
        "total": 100.01373467375316
    }
}