{
    "counter": {
        "ACTIVE": 10025,
        "INACTIVE": 3346,
        "INVALID": 0,
        "MALICIOUS": 0,
        "SANE": 0,
        "VALID": 0,
        "total": 13371
    },
    "percentage": {
        "ACTIVE": 74.97569366539526,
        "INACTIVE": 25.026178010471206,
        "INVALID": 0,
        "MALICIOUS": 0,
        "SANE": 0,
        "VALID": 0,
        "total": 100.00187167586645
    }
}