{
    "counter": {
        "ACTIVE": 9395,
        "INACTIVE": 3235,
        "INVALID": 0,
        "MALICIOUS": 0,
        "SANE": 0,
        "VALID": 0,
        "total": 12630
    },
    "percentage": {
        "ACTIVE": 74.38638163103721,
        "INACTIVE": 25.701120203384445,
        "INVALID": 0,
        "MALICIOUS": 0,
        "SANE": 0,
        "VALID": 0,
        "total": 100.08750183442166
    }
}