{
    "counter": {
        "ACTIVE": 7220,
        "INACTIVE": 2979,
        "INVALID": 0,
        "MALICIOUS": 0,
        "SANE": 0,
        "VALID": 0,
        "total": 10199
    },
    "percentage": {
        "ACTIVE": 70.79125404451416,
        "INACTIVE": 29.237412896260672,
        "INVALID": 0,
        "MALICIOUS": 0,
        "SANE": 0,
        "VALID": 0,
        "total": 100.02866694077483
    }
}