{
    "counter": {
        "ACTIVE": 5866,
        "INACTIVE": 2863,
        "INVALID": 0,
        "MALICIOUS": 0,
        "SANE": 0,
        "VALID": 0,
        "total": 8729
    },
    "percentage": {
        "ACTIVE": 67.20128307939054,
        "INACTIVE": 35.67156740593072,
        "INVALID": 0,
        "MALICIOUS": 0,
        "SANE": 0,
        "VALID": 0,
        "total": 102.87285048532127
    }
}