{
    "counter": {
        "ACTIVE": 7856,
        "INACTIVE": 3066,
        "INVALID": 0,
        "MALICIOUS": 0,
        "SANE": 0,
        "VALID": 0,
        "total": 10922
    },
    "percentage": {
        "ACTIVE": 71.93480450508196,
        "INACTIVE": 28.0717817249588,
        "INVALID": 0,
        "MALICIOUS": 0,
        "SANE": 0,
        "VALID": 0,
        "total": 100.00658623004075
    }
}