{
    "counter": {
        "ACTIVE": 1089,
        "INACTIVE": 652,
        "INVALID": 0,
        "MALICIOUS": 0,
        "SANE": 0,
        "VALID": 0,
        "total": 1741
    },
    "percentage": {
        "ACTIVE": 62.550258472142445,
        "INACTIVE": 37.47126436781609,
        "INVALID": 0,
        "MALICIOUS": 0,
        "SANE": 0,
        "VALID": 0,
        "total": 100.02152283995854
    }
}