{
    "counter": {
        "ACTIVE": 291,
        "INACTIVE": 1,
        "INVALID": 0,
        "MALICIOUS": 0,
        "SANE": 0,
        "VALID": 0,
        "total": 292
    },
    "percentage": {
        "ACTIVE": 99.65753424657534,
        "INACTIVE": 0.3472222222222222,
        "INVALID": 0,
        "MALICIOUS": 0,
        "SANE": 0,
        "VALID": 0,
        "total": 100.00475646879757
    }
}