{
    "counter": {
        "ACTIVE": 6460,
        "INACTIVE": 2883,
        "INVALID": 0,
        "MALICIOUS": 0,
        "SANE": 0,
        "VALID": 0,
        "total": 9343
    },
    "percentage": {
        "ACTIVE": 69.14267365942416,
        "INACTIVE": 30.983342289091887,
        "INVALID": 0,
        "MALICIOUS": 0,
        "SANE": 0,
        "VALID": 0,
        "total": 100.12601594851606
    }
}