{
    "counter": {
        "ACTIVE": 355,
        "INACTIVE": 496,
        "INVALID": 0,
        "MALICIOUS": 0,
        "SANE": 0,
        "VALID": 0,
        "total": 851
    },
    "percentage": {
        "ACTIVE": 41.71562867215041,
        "INACTIVE": 59.90338164251208,
        "INVALID": 0,
        "MALICIOUS": 0,
        "SANE": 0,
        "VALID": 0,
        "total": 101.61901031466249
    }
}