{
    "counter": {
        "ACTIVE": 2881,
        "INACTIVE": 1730,
        "INVALID": 0,
        "MALICIOUS": 0,
        "SANE": 0,
        "VALID": 0,
        "total": 4611
    },
    "percentage": {
        "ACTIVE": 62.50813625515296,
        "INACTIVE": 37.51897636087617,
        "INVALID": 0,
        "MALICIOUS": 0,
        "SANE": 0,
        "VALID": 0,
        "total": 100.02711261602913
    }
}