{
    "counter": {
        "ACTIVE": 4125,
        "INACTIVE": 2695,
        "INVALID": 0,
        "MALICIOUS": 0,
        "SANE": 0,
        "VALID": 0,
        "total": 6820
    },
    "percentage": {
        "ACTIVE": 60.483870967741936,
        "INACTIVE": 39.679034157832746,
        "INVALID": 0,
        "MALICIOUS": 0,
        "SANE": 0,
        "VALID": 0,
        "total": 100.16290512557468
    }
}