{
    "counter": {
        "ACTIVE": 3628,
        "INACTIVE": 2300,
        "INVALID": 0,
        "MALICIOUS": 0,
        "SANE": 0,
        "VALID": 0,
        "total": 5928
    },
    "percentage": {
        "ACTIVE": 61.201079622132255,
        "INACTIVE": 38.84478973146428,
        "INVALID": 0,
        "MALICIOUS": 0,
        "SANE": 0,
        "VALID": 0,
        "total": 100.04586935359654
    }
}