{
    "counter": {
        "ACTIVE": 2560,
        "INACTIVE": 1635,
        "INVALID": 0,
        "MALICIOUS": 0,
        "SANE": 0,
        "VALID": 0,
        "total": 4195
    },
    "percentage": {
        "ACTIVE": 61.02502979737783,
        "INACTIVE": 38.98426323319027,
        "INVALID": 0,
        "MALICIOUS": 0,
        "SANE": 0,
        "VALID": 0,
        "total": 100.0092930305681
    }
}