{
    "counter": {
        "ACTIVE": 876,
        "INACTIVE": 596,
        "INVALID": 0,
        "MALICIOUS": 0,
        "SANE": 0,
        "VALID": 0,
        "total": 1472
    },
    "percentage": {
        "ACTIVE": 59.51086956521739,
        "INACTIVE": 40.54421768707483,
        "INVALID": 0,
        "MALICIOUS": 0,
        "SANE": 0,
        "VALID": 0,
        "total": 100.05508725229222
    }
}