{
    "counter": {
        "ACTIVE": 11062,
        "INACTIVE": 3466,
        "INVALID": 0,
        "MALICIOUS": 0,
        "SANE": 0,
        "VALID": 0,
        "total": 14528
    },
    "percentage": {
        "ACTIVE": 76.14262114537445,
        "INACTIVE": 23.946386624291833,
        "INVALID": 0,
        "MALICIOUS": 0,
        "SANE": 0,
        "VALID": 0,
        "total": 100.08900776966628
    }
}