{
    "counter": {
        "ACTIVE": 4575,
        "INACTIVE": 2758,
        "INVALID": 0,
        "MALICIOUS": 0,
        "SANE": 0,
        "VALID": 0,
        "total": 7333
    },
    "percentage": {
        "ACTIVE": 62.3891995090686,
        "INACTIVE": 37.64159956325918,
        "INVALID": 0,
        "MALICIOUS": 0,
        "SANE": 0,
        "VALID": 0,
        "total": 100.03079907232777
    }
}