{
    "counter": {
        "ACTIVE": 3355,
        "INACTIVE": 2264,
        "INVALID": 0,
        "MALICIOUS": 0,
        "SANE": 0,
        "VALID": 0,
        "total": 5619
    },
    "percentage": {
        "ACTIVE": 59.7081331197722,
        "INACTIVE": 40.36370119450883,
        "INVALID": 0,
        "MALICIOUS": 0,
        "SANE": 0,
        "VALID": 0,
        "total": 100.07183431428103
    }
}