{
    "counter": {
        "ACTIVE": 1361,
        "INACTIVE": 1014,
        "INVALID": 0,
        "MALICIOUS": 0,
        "SANE": 0,
        "VALID": 0,
        "total": 2375
    },
    "percentage": {
        "ACTIVE": 57.305263157894736,
        "INACTIVE": 42.7307206068268,
        "INVALID": 0,
        "MALICIOUS": 0,
        "SANE": 0,
        "VALID": 0,
        "total": 100.03598376472154
    }
}