{
    "counter": {
        "ACTIVE": 9550,
        "INACTIVE": 3265,
        "INVALID": 0,
        "MALICIOUS": 0,
        "SANE": 0,
        "VALID": 0,
        "total": 12815
    },
    "percentage": {
        "ACTIVE": 74.52204447912602,
        "INACTIVE": 25.505819857823607,
        "INVALID": 0,
        "MALICIOUS": 0,
        "SANE": 0,
        "VALID": 0,
        "total": 100.02786433694963
    }
}