{
    "counter": {
        "ACTIVE": 11922,
        "INACTIVE": 3589,
        "INVALID": 0,
        "MALICIOUS": 0,
        "SANE": 0,
        "VALID": 0,
        "total": 15511
    },
    "percentage": {
        "ACTIVE": 76.86158210302366,
        "INACTIVE": 23.156332666623655,
        "INVALID": 0,
        "MALICIOUS": 0,
        "SANE": 0,
        "VALID": 0,
        "total": 100.01791476964732
    }
}