{
    "counter": {
        "ACTIVE": 9871,
        "INACTIVE": 3326,
        "INVALID": 0,
        "MALICIOUS": 0,
        "SANE": 0,
        "VALID": 0,
        "total": 13197
    },
    "percentage": {
        "ACTIVE": 74.79730241721603,
        "INACTIVE": 25.208428073366683,
        "INVALID": 0,
        "MALICIOUS": 0,
        "SANE": 0,
        "VALID": 0,
        "total": 100.00573049058272
    }
}