{
    "counter": {
        "ACTIVE": 12083,
        "INACTIVE": 3613,
        "INVALID": 0,
        "MALICIOUS": 0,
        "SANE": 0,
        "VALID": 0,
        "total": 15696
    },
    "percentage": {
        "ACTIVE": 76.98139653414883,
        "INACTIVE": 23.046501243860433,
        "INVALID": 0,
        "MALICIOUS": 0,
        "SANE": 0,
        "VALID": 0,
        "total": 100.02789777800926
    }
}