{
    "counter": {
        "ACTIVE": 1226,
        "INACTIVE": 824,
        "INVALID": 0,
        "MALICIOUS": 0,
        "SANE": 0,
        "VALID": 0,
        "total": 2050
    },
    "percentage": {
        "ACTIVE": 59.86328125,
        "INACTIVE": 40.19512195121951,
        "INVALID": 0,
        "MALICIOUS": 0,
        "SANE": 0,
        "VALID": 0,
        "total": 100.0584032012195
    }
}